{"cameraMode":{"drawMode":0,"name":"Shaded","section":"Shading Mode"},"sceneLighting":true,"audioPlay":false,"sceneViewState":{"m_AlwaysRefresh":false,"showFog":true,"showSkybox":true,"showFlares":true,"showImageEffects":true,"showParticleSystems":true,"showVisualEffectGraphs":true,"m_FxEnabled":true},"in2DMode":false,"pivot":{"x":4.734480857849121,"y":1.0308773517608643,"z":8.137128829956055},"rotation":{"x":-0.13176147639751435,"y":-0.08257541805505753,"z":0.01101471297442913,"w":-0.9877762198448181},"size":1.7038941383361817,"orthographic":true}