{"cameraMode":{"drawMode":0,"name":"Shaded","section":"Shading Mode"},"sceneLighting":false,"audioPlay":false,"sceneViewState":{"m_AlwaysRefresh":false,"showFog":true,"showSkybox":false,"showFlares":true,"showImageEffects":true,"showParticleSystems":true,"showVisualEffectGraphs":true,"m_FxEnabled":true},"in2DMode":false,"pivot":{"x":5.938889980316162,"y":3.049999952316284,"z":1.3799999952316285},"rotation":{"x":-0.23788101971149445,"y":-0.11131478101015091,"z":0.027454489842057229,"w":-0.9645059704780579},"size":0.17320498824119569,"orthographic":true}